Workbook

Sheet Cards
A1: Card Name | B1: Category | C1: Details | D1: Usage | E1: Requirements | F1: Rarity | G1: Lore / Flavour Text
A2: Data Uplink | B2: Interrupt | C2: Upload additional mission data to Command! Increase XP on a single piece of work by 25%. | D2: Single Use | E2: Must be played with a completed piece of work. | F2: Common | G2: Your terminal flashes as new mission data streams in, giving you the edge in calculations.
A3: Tactical Override | B3: Augment | C3: Override mission protocols! Doubles the effect of any Repair, Defense, or Interrupt card played at the same time. | D3: Single Use | E3: Must be played simultaneously with the chosen card. | F3: Uncommon | G3: Command has granted you temporary override rights—make it count!
A4: Neural Core Access | B4: Interrupt | C4: Gain temporary access to the ship’s Neural Core! One guaranteed correct answer on the work it is played with. | D4: Single Use | E4: Must choose the question at the time of submission. | F4: Rare | G4: The ship’s AI hums as you link directly into its vast knowledge banks.
A5: Repair Robot | B5: Repairs | C5: Deploy an automated repair unit. Repairs 100 HP damage to the player’s ship when handed in. | D5: Single Use | E5: None | F5: Common | G5: A clunky but reliable unit scuttles along the hull, welding panels back into place.
A6: Calculation Overdrive | B6: Interrupt | C6: Engage overdrive mode! Skip the written steps for one math problem by explaining it orally to the teacher for full credit. | D6: Single Use | E6: Teacher must approve the oral explanation. | F6: Uncommon | G6: Your mind races faster than your hands can write—speak your solution directly to Command.
A7: Warp Booster | B7: Interrupt | C7: Activate your warp boosters to receive a 5-minute break from class. Taking longer than 5 minutes causes incoming 'damage'. | D7: Single Use | E7: Must inform the teacher before leaving. | F7: Common | G7: Engines roar to life, but be quick—going AWOL attracts enemy fire.
A8: Bathroom Pass | B8: Interrupt | C8: Allows a 5-minute bathroom break during a mission without penalty. | D8: Single Use | E8: Must be handed to the teacher before leaving. | F8: Common | G8: A simple but vital pass—sometimes even heroes need a pit stop.
A9: Organic Liquid Support | B9: Interrupt | C9: Gain access to a drink from the Ship’s Larder (teacher-approved drink). | D9: Single Use | E9: Must ask permission before activating. | F9: Rare | G9: A coded request to the Ship’s Larder—hydration is fuel for the mind.
A10: Engage Hyperdrive! | B10: Augment | C10: Skip one lesson (or class activity) entirely. | D10: Single Use | E10: Must be played at the start of class and pre-approved by the teacher. | F10: Epic | G10: Your ship blurs into hyperspace—by the time you return, the mission has moved on.
A11: Photon Shield | B11: Defense | C11: Raise your photon shields to stop 100 incoming damage when played. | D11: Single Use | E11: Must be played at the time damage is applied. | F11: Common | G11: Your shields flare bright blue, absorbing the brunt of the attack.
A12: Ambug Beacon of Brilliance | B12: Artifact | C12: Brilliance Protocol – Play this to receive an automatic full XP award on one piece of work, regardless of accuracy. | D12: Single Use | E12: Awarded by teacher for helpfulness, dedication, and positive spirit. | F12: Legendary | G12: Amber’s brilliance once lit the path for others. This Beacon shines for those who strive to help and inspire their squadmates.
... A15: Codie’s Champions Crest | B15: Artifact | C15: Champion’s Choice – Instantly skip one standard activity this week without losing XP or progress. | D15: Single Use | E15: Awarded by teacher for leadership, fairness, and creativity. | F15: Legendary | G15: Codie thrived in both sport and strategy. This Crest honors those who lead with fairness and think creatively under pressure.

Sheet Boss Battle Cards
A1: Card Name | B1: Category | C1: Details | D1: Usage | E1: Requirements | F1: Rarity | G1: Lore / Flavour Text
A2: Targeting Matrix | B2: Combat Boost | C2: Increase one attack roll by +2 for this round. | D2: Single Use | E2: Must declare before rolling. | F2: Common | G2: A rapid recalibration of your targeting systems sharpens your aim.
A3: Reinforced Plating | B3: Combat Boost | C3: Add +2 to your defense roll for this round. | D3: Single Use | E3: Must declare before rolling. | F3: Common | G3: Emergency plating deploys across your hull, absorbing incoming fire.
A4: Overcharged Blasters | B4: Combat Boost | C4: Deal +2 extra damage on your next successful attack. | D4: Single Use | E4: Apply only if the attack hits. | F4: Uncommon | G4: Your blasters hum with dangerous energy, ready to unleash havoc.
A5: Evasive Maneuver | B5: Combat Boost | C5: Reroll one failed defense roll. | D5: Single Use | E5: Can only be used immediately after a failed defense. | F5: Uncommon | G5: Thrusters roar as you pull a sharp roll to avoid enemy fire.
A6: Adrenal Surge | B6: Combat Boost | C6: Take one additional attack this round. | D6: Single Use | E6: Can only be played before rolling your normal attack. | F6: Rare | G6: Your systems flood with stimulants, pushing you beyond normal limits.
A7: Advanced Armour Plating | B7: Combat Upgrade | C7: Gain +1 to all defense rolls for the entire boss battle. | D7: Permanent | E7: Only active for this battle. | F7: Uncommon | G7: Reinforced hull panels lock into place, strengthening your defenses.
A8: Weapon Calibrator | B8: Combat Upgrade | C8: Gain +1 to all attack rolls for the entire boss battle. | D8: Permanent | E8: Only active for this battle. | F8: Uncommon | G8: Your targeting arrays sync perfectly, fine-tuning every shot.
A9: Battle AI Companion | B9: Combat Upgrade | C9: Automatically succeed on one attack or defense roll in this battle. | D9: Permanent | E9: Declare before rolling. | F9: Rare | G9: A loyal AI drone feeds you predictive targeting data.
A10: Adaptive Shields | B10: Combat Upgrade | C10: Reduce all incoming damage by 1 for the entire boss battle. | D10: Permanent | E10: Only active for this battle. | F10: Rare | G10: Your shields shift frequencies, absorbing more than their share of hits.
A11: Tactical Scanner | B11: Combat Upgrade | C11: Look at the Boss’s next action before it happens (if Boss actions are used). | D11: Permanent | E11: Once per round, at the start of the round. | F11: Rare | G11: Your scanners penetrate enemy encryption, giving you a glimpse of their next move.
A12: Quantum Strike | B12: Legendary Combat | C12: Your next attack automatically deals maximum damage. | D12: Single Use | E12: Only playable before rolling an attack. | F12: Legendary | G12: Your weapon systems align perfectly, delivering a flawless strike.
... A16: Heroic Sacrifice | B16: Legendary Combat | C16: Take all incoming damage for your team for one round, gain double XP if you survive. | D16: Single Use | E16: Must declare before the Boss attacks. | F16: Legendary | G16: With courage worthy of a Fleet Hero, you intercept the fire meant for your allies.

Sheet Abilities
A1: Name | B1: Category | C1: Details | D1: AP Cost | E1: Level Points to Unlock | F1: Rarity/Power Level | G1: Lore / Flavour Text
A2: Evasion | B2: Combat | C2: Reduce incoming damage by 15 / 25 this round (scales). | D2: 15 / 25 | E2: 1 / 2 | F2: Great for mitigating one big hit. | G2: Thrusters flare as you pull a risky barrel roll to evade fire.
A3: Intercept | B3: Combat | C3: Take full damage for an ally. Your HP drops to 10, cannot go lower. Next repair restores only half value. | D3: 60 | E3: 3 | F3: Still dramatic & risky. | G3: You throw your ship between the enemy and your ally—honor above all.
A4: Guardian | B4: Combat | C4: Take damage for an ally, receive only 80% / 60% / 40% of it (scales). | D4: 15 / 25 / 40 | E4: 1 / 2 / 3 | F4: Choose based on teamwork focus. | G4: Your hull holds the line, absorbing the brunt of the blast meant for another.
A5: Defensive | B5: Combat Support | C5: Take 10% of team damage; return 10 AP to an ally when they’re healed. | D5: 10 | E5: 2 | F5: Subtle, supportive. | G5: Your defensive protocols quietly redirect fire and redistribute energy.
A6: Reflector Array | B6: Combat | C6: Reflect up to 25 damage back at Boss this round. | D6: 60 | E6: 4 | F6: Useful vs high-damage Bosses. | G6: Your shields shimmer, bending the enemy’s fury back toward them.
A7: Power Shield | B7: Combat | C7: Convert AP to block up to 15 / 35 damage (scales). | D7: 15 / 35 | E7: 1 / 2 | F7: Still a strong defense option. | G7: Your shields pulse as your power reserves burn to protect your hull.
A8: Phase Shield | B8: Combat Support | C8: Reduce incoming damage by 20% / 50%, and convert blocked damage to AP/HP. | D8: 15 / 45 | E8: 1 / 3 | F8: Now proportionate and still unique. | G8: Phase tech flickers, absorbing kinetic force and converting it to raw energy.
A9: Hacking | B9: Combat Support | C9: Block all damage this round. Instead, convert total into double AP shared between teammates. | D9: 75 | E9: 5 | F9: Legendary support move. | G9: Encrypted pulses jam the enemy’s weapons—your systems feed on their wasted fire.
A10: Repair | B10: Healing | C10: Restore 25 / 40 HP to yourself or an ally. | D10: 15 / 25 | E10: 1 / 2 | F10: Classic and balanced. | G10: Drones crawl over your hull, welding plates and sealing breaches.
A11: Critical Repairs | B11: Healing | C11: Revive a KO'd ally to 25 HP with no penalty. | D11: 30 | E11: 2 | F11: Feels powerful, not unkillable. | G11: Sparks fly as your repair crew works miracles to restart a dead system.
A12: Nano Cloud | B12: Healing | C12: Restore 30 HP to all allies. | D12: 75 | E12: 5 | F12: Still impressive, now right-sized. | G12: A shimmering cloud of nanobots spreads across the battlefield, knitting torn hulls.
A13: Power Tap | B13: Support | C13: Give 40 AP to an ally, lose 30 AP yourself. | D13: 30 | E13: 3 | F13: Still worth the trade. | G13: You overload your own systems to transfer power to a struggling ally.
A14: Power Up | B14: Support | C14: Double an ally’s next ability. If it helps another player, triple it. | D14: 60 | E14: 4 | F14: One of the best tactical moves. | G14: Your engineering team optimizes every subsystem for maximum efficiency.
A15: Overcharge | B15: Combat Boost | C15: If a hit lands this round, all allies attack twice. +3 damage bonus per extra hit. | D15: 75 | E15: 5 | F15: Great synergy reward. | G15: Your engines roar, time seems to slow, and every strike lands true.
A16: Eliminate | B16: Combat/Academic | C16: Remove one minion OR remove a wrong answer on a multiple choice question. | D16: 50 | E16: 3 | F16: Strong, versatile ability. | G16: A precise shot wipes out a critical threat before it can act.
A17: Bribe | B17: Academic | C17: Instantly gain a correct answer. | D17: 50 | E17: 2 | F17: Expensive, but worth it in key moments. | G17: Slipping a data chip across the table, you secure the answer you need.
A18: Expose Weakness | B18: Academic | C18: Remove one incorrect answer from a multiple choice question (for everyone). | D18: 20 | E18: 1 | F18: Now a good low-cost option. | G18: Your scanners highlight structural flaws—target acquired.
A19: Data Hack | B19: Academic | C19: Add +10% XP to one completed task. | D19: 25 | E19: 2 | F19: Encourages work completion. | G19: You bypass the system and upload your report to the front of the queue.
A20: Invisibility | B20: Utility | C20: Listen to music for a lesson. | D20: 20 | E20: 1 | F20: Fun & thematic. | G20: Cloaking fields hum to life—you’re there, but nobody notices.
A21: Feast | B21: Utility | C21: Eat during class. | D21: 20 | E21: 1 | F21: Keeps flavour and fun. | G21: Your crew celebrates—a rare chance for a proper meal mid-mission.
A22: Cloak & Disappear | B22: Utility | C22: Leave the room for 10 minutes undetected. | D22: 25 | E22: 1 | F22: Consolidated from similar abilities. | G22: With systems cloaked, you slip unnoticed from the battlefield.
A23: Energy Surge | B23: Support | C23: Regain 30 AP immediately. | D23: 0 (costs your turn) | E23: 2 | F23: A new classic resource move. | G23: "You reroute all nonessential systems to recharge your core."
A24: Tactical Insight | B24: Academic/Combat | C24: Correctly answering a group question deals +10 bonus Boss damage. | D24: 15 | E24: 1 | F24: Makes participation impactful. | G24: "Your quick analysis gives the whole fleet an edge."
A25: Battle Cry | B25: Combat Boost | C25: All allies gain +2 to attack rolls this round. | D25: 25 | E25: 2 | F25: Teamwide support tool. | G25: "Your rallying shout inspires every pilot in the squadron."
A26: Deflector Swap | B26: Combat Support | C26: Swap HP with an ally for one round, reverts after. | D26: 40 | E26: 4 | F26: Risky but tactical. | G26: "Energy fields realign, equalizing damage across the fleet."
A27: Lucky Break | B27: Utility | C27: Reroll any dice once per day (combat or academic). | D27: 15 | E27: 1 | F27: Gives a safety net to risky moves. | G27: "Sometimes, even the best pilots need a little luck."

Sheet Simple Abilities List
A1: =Abilities!A1 -> Name | B1: =Abilities!C1 -> Details | C1: =Abilities!D1 -> AP Cost | D1: =Abilities!E1 -> Level Points to Unlock
A2: =Abilities!A2 -> Evasion | B2: =Abilities!C2 -> Reduce incoming damage by 15 / 25 this round (scales). | C2: =Abilities!D2 -> 15 / 25 | D2: =Abilities!E2 -> 1 / 2
A3: =Abilities!A3 -> Intercept | B3: =Abilities!C3 -> Take full damage for an ally. Your HP drops to 10, cannot go lower. Next repair restores only half value. | C3: =Abilities!D3 -> 60 | D3: =Abilities!E3 -> 3
A4: =Abilities!A4 -> Guardian | B4: =Abilities!C4 -> Take damage for an ally, receive only 80% / 60% / 40% of it (scales). | C4: =Abilities!D4 -> 15 / 25 / 40 | D4: =Abilities!E4 -> 1 / 2 / 3
A5: =Abilities!A5 -> Defensive | B5: =Abilities!C5 -> Take 10% of team damage; return 10 AP to an ally when they’re healed. | C5: =Abilities!D5 -> 10 | D5: =Abilities!E5 -> 2
A6: =Abilities!A6 -> Reflector Array | B6: =Abilities!C6 -> Reflect up to 25 damage back at Boss this round. | C6: =Abilities!D6 -> 60 | D6: =Abilities!E6 -> 4
A7: =Abilities!A7 -> Power Shield | B7: =Abilities!C7 -> Convert AP to block up to 15 / 35 damage (scales). | C7: =Abilities!D7 -> 15 / 35 | D7: =Abilities!E7 -> 1 / 2
A8: =Abilities!A8 -> Phase Shield | B8: =Abilities!C8 -> Reduce incoming damage by 20% / 50%, and convert blocked damage to AP/HP. | C8: =Abilities!D8 -> 15 / 45 | D8: =Abilities!E8 -> 1 / 3
A9: =Abilities!A9 -> Hacking | B9: =Abilities!C9 -> Block all damage this round. Instead, convert total into double AP shared between teammates. | C9: =Abilities!D9 -> 75 | D9: =Abilities!E9 -> 5
A10: =Abilities!A10 -> Repair | B10: =Abilities!C10 -> Restore 25 / 40 HP to yourself or an ally. | C10: =Abilities!D10 -> 15 / 25 | D10: =Abilities!E10 -> 1 / 2
A11: =Abilities!A11 -> Critical Repairs | B11: =Abilities!C11 -> Revive a KO'd ally to 25 HP with no penalty. | C11: =Abilities!D11 -> 30 | D11: =Abilities!E11 -> 2
A12: =Abilities!A12 -> Nano Cloud | B12: =Abilities!C12 -> Restore 30 HP to all allies. | C12: =Abilities!D12 -> 75 | D12: =Abilities!E12 -> 5
... A27: =Abilities!A27 -> Lucky Break | B27: =Abilities!C27 -> Reroll any dice once per day (combat or academic). | C27: =Abilities!D27 -> 15 | D27: =Abilities!E27 -> 1

Sheet Shop
B1: Item | C1: Effect | D1: Cost
B2: Repair Robot | C2: Heals 10 HP | D2: 9 credits
B3: Photon Shield (10 dmg block) | C3: Prevents next 10 damage | D3: 12 credits
B4: Data Uplink | C4: +25% XP to a task | D4: 15 credits
B5: Bathroom Pass | C5: 5-minute leave pass | D5: 6 credits
B6: Targeting Matrix | C6: Increase one attack roll by +2 for this round. | D6: 21 credits
B7: Reinforced Plating | C7: Add +2 to your defense roll for this round. | D7: 21 credits
B8: Overcharged Blasters | C8: Deal +2 extra damage on your next successful attack. | D8: 23 credits
B9: Evasive Maneuver | C9: Reroll your attack. | D9: 25 credits
B10: Adrenal Surge | C10: Take one additional attack this round. | D10: 33 credits
B11: Advanced Armour Plating | C11: Gain +1 to all defense rolls for the entire boss battle. | D11: 45 credits
B12: Weapon Calibrator | C12: Gain +1 to all attack rolls for the entire boss battle. | D12: 45 credits
... B14: Adaptive Shields | C14: Reduce all incoming damage by 1 for the entire boss battle. | D14: 45 credits
